{ 

    "id": 1, 
    
    "title": "Full Stack Freelancer", 
    
    "type": "video", 
    
    "videoposter": "poster.jpeg", 
    
    "description": "It is great to be a full stack developer!", 
    
    "tags": [ 
    
    { 
    
    "id": 1, 
    
    "tag": "fsd" 
    
    }, 
    
    { 
    
    "id": 2, 
    
    "tag": "freelancer" 
    
    }, 
    
    { 
    
    "id": 3, 
    
    "tag": "full stack" 
    
    }, 
    
    { 
    
    "id": 4, 
    
    "tag": "full stack cognizant" 
    
    } 
    
    ], 
    
    "effect": "greyscale", 
    
    "filename": "freelancer_poster.jpeg", 
    
    "filetype": "image/jpeg", 
    
    "filesize": "541144", 
    
    "uploaddate": "31-08-2018", 
    
    "uploadtime": "1331", 
    
    "defaultprofile": 0, 
    
    "likes": 0, 
    
    "unlike": 0, 
    
    "shares": 0, 
    
    "numberofcomments": 0 
    
    } 